id,job_id,tag
1,1093848,game
2,1093848,gaming
3,1093848,mobile
4,1093848,marketing
5,1093848,branding
6,1093848,non tech
7,1093847,manager
8,1093847,jira
9,1093847,back-end
10,1093847,admin
11,1093847,microsoft
12,1093847,management
13,1093846,design
14,1093846,react
15,1093846,system
16,1093846,security
17,1093846,python
18,1093846,full-stack
19,1093846,technical
20,1093846,support
21,1093846,code
22,1093846,web
23,1093846,scrum
24,1093846,scala
25,1093846,typescript
26,1093846,api
27,1093846,leader
28,1093846,senior
29,1093846,stats
30,1093846,golang
31,1093846,health
32,1093846,engineer
33,1093846,backend
34,1093846,digital nomad
35,1093845,python
36,1093845,technical
37,1093845,web
38,1093845,mobile
39,1093845,junior
40,1093845,telecom
41,1093845,engineer
42,1093844,design
43,1093844,python
44,1093844,full-stack
45,1093844,technical
46,1093844,support
47,1093844,testing
48,1093844,web
49,1093844,cloud
50,1093844,typescript
51,1093844,lead
52,1093844,engineer
53,1093844,engineering
54,1093844,digital nomad
55,1093843,engineer
56,1093842,developer
57,1093842,web
58,1093842,front-end
59,1093842,security
60,1093842,technical
61,1093842,support
62,1093842,testing
63,1093842,bank
64,1093842,typescript
65,1093842,seo
66,1093842,mobile
67,1093842,marketing
68,1093842,analytics
69,1093842,health
70,1093842,engineering
71,1093842,recruitment
72,1093842,full-time
73,1093842,digital nomad
74,1093841,finance
75,1093841,accounting
76,1093841,analyst
77,1093841,consulting
78,1093841,project management
79,1093841,work from home
80,1093838,software
81,1093838,training
82,1093838,docker
83,1093838,technical
84,1093838,code
85,1093838,cloud
86,1093838,leader
87,1093838,senior
88,1093838,engineer
89,1093838,backend
90,1093837,saas
91,1093837,training
92,1093837,technical
93,1093837,support
94,1093837,software
95,1093837,growth
96,1093837,mobile
97,1093837,leader
98,1093837,management
99,1093837,lead
100,1093837,marketing
101,1093837,health
102,1093837,e-commerce
103,1093836,system
104,1093836,technical
105,1093836,support
106,1093836,growth
107,1093836,lead
108,1093836,content
109,1093836,operations
110,1093836,marketing
111,1093836,health
112,1093836,engineer
113,1093833,developer
114,1093833,design
115,1093833,system
116,1093833,front-end
117,1093833,back-end
118,1093833,technical
119,1093833,software
120,1093833,backend
121,1093833,digital nomad
122,1093831,assistant
123,1093831,support
124,1093831,video
125,1093831,medical
126,1093831,health
127,1093831,non tech
128,1093830,manager
129,1093830,saas
130,1093830,technical
131,1093830,growth
132,1093830,travel
133,1093830,voice
134,1093830,education
135,1093830,admin
136,1093830,microsoft
137,1093830,strategy
138,1093830,sales
139,1093830,health
140,1093829,crypto
141,1093829,manager
142,1093829,embedded
143,1093829,ceo
144,1093829,voice
145,1093829,financial
146,1093829,fintech
147,1093829,rails
148,1093829,management
149,1093829,lead
150,1093829,content
151,1093829,marketing
152,1093829,analytics
153,1093829,health
154,1093829,non tech
155,1093828,dev
156,1093828,ruby
157,1093828,backend
158,1093825,web3
159,1093825,crypto
160,1093825,cryptocurrency
161,1093825,system
162,1093825,swift
163,1093825,security
164,1093825,technical
165,1093825,devops
166,1093825,finance
167,1093825,lambda
168,1093825,cloud
169,1093825,leader
170,1093825,strategy
171,1093825,senior
172,1093825,operations
173,1093825,operational
174,1093825,engineer
175,1093825,apache
176,1093808,manager
177,1093808,defi
178,1093808,crypto
179,1093808,engineering
180,1093807,exec
181,1093807,dev
182,1093807,backend
183,1093807,full stack
184,1093807,saas
185,1093807,senior
186,1093807,ruby
187,1093807,python
188,1093807,pyton
189,1093807,django
190,1093807,react native
191,1093807,javascript
192,1093807,node
193,1093806,analyst
194,1093806,defi
195,1093806,crypto
196,1093806,system
197,1093806,consultancy
198,1093806,technical
199,1093806,support
200,1093806,growth
201,1093806,finance
202,1093806,api
203,1093806,health
204,1093805,security
205,1093805,defi
206,1093805,crypto
207,1093805,ethereum
208,1093805,full-stack
209,1093805,technical
210,1093805,software
211,1093805,testing
212,1093805,growth
213,1093805,devops
214,1093805,financial
215,1093805,finance
216,1093805,strategy
217,1093805,senior
218,1093805,engineer
219,1093805,engineering
220,1093804,manager
221,1093804,defi
222,1093804,crypto
223,1093804,support
224,1093804,management
225,1093804,sales
226,1093804,non tech
227,1093803,training
228,1093803,support
229,1093803,travel
230,1093803,financial
231,1093803,education
232,1093803,management
233,1093803,senior
234,1093803,operations
235,1093803,operational
236,1093803,legal
237,1093803,health
238,1093803,educational
239,1093803,non tech
240,1093802,dev
241,1093802,design
242,1093802,react
243,1093802,frontend
244,1093802,technical
245,1093802,support
246,1093802,developer
247,1093802,software
248,1093802,code
249,1093802,web
250,1093802,devops
251,1093802,javascript
252,1093802,cloud
253,1093802,css
254,1093802,mobile
255,1093802,engineer
256,1093802,backend
257,1093802,fullstack
258,1093802,digital nomad
259,1093801,cryptocurrency
260,1093801,crypto
261,1093801,content
262,1093799,3d
263,1093799,support
264,1093799,recruiting
265,1093798,manager
266,1093798,web3
267,1093798,crypto
268,1093798,cryptocurrencies
269,1093798,support
270,1093798,growth
271,1093798,financial
272,1093798,finance
273,1093798,mobile
274,1093798,strategy
275,1093798,management
276,1093798,operational
277,1093797,web3
278,1093797,full-stack
279,1093797,technical
280,1093797,support
281,1093797,software
282,1093797,growth
283,1093797,manager
284,1093797,seo
285,1093797,strategy
286,1093797,management
287,1093797,lead
288,1093797,content
289,1093797,marketing
290,1093795,dev
291,1093795,engineer
292,1093795,mobiledev
293,1093795,react native
294,1093794,software
295,1093794,frontend
296,1093794,security
297,1093794,training
298,1093794,full-stack
299,1093794,technical
300,1093794,support
301,1093794,code
302,1093794,cloud
303,1093794,operational
304,1093794,golang
305,1093794,medical
306,1093794,health
307,1093794,engineer
308,1093794,engineering
309,1093794,backend
310,1093793,golang
311,1093793,crypto
312,1093793,fintech
313,1093793,banking
314,1093793,senior
315,1093793,engineer
316,1093793,backend
317,1093792,code
318,1093792,qa
319,1093792,mobile
320,1093789,ui
321,1093789,design
322,1093789,front-end
323,1093789,frontend
324,1093789,docker
325,1093789,software
326,1093789,testing
327,1093789,test
328,1093789,web
329,1093789,qa
330,1093789,healthcare
331,1093789,recruiting
332,1093789,engineer
333,1093789,digital nomad
334,1093781,developer
335,1093781,web3
336,1093781,cryptocurrency
337,1093781,ethereum
338,1093781,security
339,1093781,technical
340,1093781,growth
341,1093781,code
342,1093781,education
343,1093781,finance
344,1093781,content
345,1093781,health
346,1093781,healthcare
347,1093781,engineer
348,1093781,engineering
349,1093781,recruitment
350,1093781,educational
351,1093781,full-time
352,1093781,digital nomad
353,1093780,technical
354,1093780,support
355,1093780,web
356,1093780,voice
357,1093780,medical
358,1093780,health
359,1093780,healthcare
360,1093779,cryptocurrency
361,1093779,hr
362,1093779,system
363,1093779,training
364,1093779,technical
365,1093779,support
366,1093779,payroll
367,1093779,financial
368,1093779,education
369,1093779,leader
370,1093779,management
371,1093779,operations
372,1093779,operational
373,1093777,golang
374,1093777,infosec
375,1093777,software
376,1093777,security
377,1093777,engineer
378,1093777,backend
379,1093776,golang
380,1093776,software
381,1093776,senior
382,1093776,engineer
383,1093775,javascript
384,1093775,typescript
385,1093775,react
386,1093775,product
387,1093775,aws
388,1093775,engineer
389,1093774,assistant
390,1093774,training
391,1093774,recruiter
392,1093774,support
393,1093774,management
394,1093774,medical
395,1093774,health
396,1093774,healthcare
397,1093774,full-time
398,1093774,non tech
399,1093771,supervisor
400,1093771,support
401,1093771,developer
402,1093771,software
403,1093771,management
404,1093771,sales
405,1093771,reliability
406,1093771,digital nomad
407,1093770,golang
408,1093770,senior
409,1093770,engineer
410,1093770,backend
411,1093768,sales
412,1093768,marketing
413,1093768,other
414,1093766,amazon
415,1093766,web3
416,1093766,system
417,1093766,security
418,1093766,support
419,1093766,software
420,1093766,testing
421,1093766,test
422,1093766,code
423,1093766,qa
424,1093766,devops
425,1093766,serverless
426,1093766,cloud
427,1093766,git
428,1093766,node
429,1093766,administrator
430,1093766,management
431,1093766,reliability
432,1093766,engineer
433,1093766,linux
434,1093766,full-time
435,1093765,system
436,1093765,training
437,1093765,technical
438,1093765,writer
439,1093765,developer
440,1093765,financial
441,1093765,video
442,1093765,finance
443,1093765,api
444,1093765,management
445,1093765,content
446,1093765,senior
447,1093765,marketing
448,1093765,digital nomad
449,1093764,engineer
450,1093764,ruby
451,1093764,vue
452,1093764,redis
453,1093764,rust
454,1093764,kubernetes
455,1093764,work from home
456,1093764,remote
457,1093764,terraform
458,1093764,google cloud
459,1093764,senior
460,1093764,dev
461,1093764,javascript
462,1093764,backend
463,1093764,front end
464,1093764,full time
465,1093764,full stack
466,1093764,sql
467,1093764,postgres
468,1093764,elasticsearch
469,1093764,typescript
470,1093763,technical
471,1093763,support
472,1093763,voice
473,1093763,fintech
474,1093763,ruby
475,1093763,engineer
476,1093763,engineering
477,1093761,saas
478,1093761,web3
479,1093761,cryptocurrency
480,1093761,training
481,1093761,technical
482,1093761,support
483,1093761,growth
484,1093761,financial
485,1093761,education
486,1093761,fintech
487,1093761,api
488,1093761,leader
489,1093761,strategy
490,1093761,management
491,1093761,senior
492,1093761,operations
493,1093761,operational
494,1093761,marketing
495,1093761,sales
496,1093761,executive
497,1093756,education
498,1093756,lead
499,1093756,go
500,1093756,medical
501,1093756,health
502,1093756,healthcare
503,1093756,full-time
504,1093756,non tech
505,1093753,security
506,1093753,web3
507,1093753,support
508,1093753,software
509,1093753,sales
510,1093753,engineering
511,1093753,full-time
512,1093752,growth
513,1093752,crypto
514,1093752,security
515,1093752,testing
516,1093752,financial
517,1093752,finance
518,1093752,bank
519,1093752,leader
520,1093752,management
521,1093752,lead
522,1093752,marketing
523,1093752,analytics
524,1093752,legal
525,1093752,engineering
526,1093751,golang
527,1093751,senior
528,1093751,engineer
529,1093751,backend
530,1093750,technical
531,1093750,testing
532,1093750,nosql
533,1093750,medical
534,1093750,engineer
535,1093750,engineering
536,1093749,director
537,1093749,training
538,1093749,support
539,1093749,growth
540,1093749,travel
541,1093749,management
542,1093749,lead
543,1093749,senior
544,1093747,manager
545,1093746,analyst
546,1093746,teach
547,1093746,support
548,1093746,code
549,1093746,fintech
550,1093746,operations
551,1093746,operational
552,1093746,engineering
553,1093744,other
554,1093744,dev
555,1093742,quality assurance
556,1093742,teaching
557,1093742,part time
558,1093742,remote
559,1093742,freelance
560,1093742,japanese
561,1093742,korean
562,1093742,reviewer
563,1093742,translation
564,1093740,software
565,1093740,design
566,1093740,graphql
567,1093740,system
568,1093740,support
569,1093740,fintech
570,1093740,elasticsearch
571,1093740,lead
572,1093740,analytics
573,1093740,engineer
574,1093740,engineering
575,1093740,apache
576,1093740,backend
577,1093740,digital nomad
578,1093739,redis
579,1093739,system
580,1093739,security
581,1093739,support
582,1093739,devops
583,1093739,elasticsearch
584,1093739,c
585,1093739,cloud
586,1093739,postgresql
587,1093739,senior
588,1093739,analytics
589,1093739,reliability
590,1093739,engineer
591,1093739,backend
592,1093738,engineer
593,1093738,dev
594,1093738,postgres
595,1093738,docker
596,1093738,redis
597,1093738,kubernetes
598,1093738,gcp
599,1093737,crypto
600,1093737,cryptocurrencies
601,1093737,training
602,1093737,growth
603,1093737,financial
604,1093737,fintech
605,1093737,mobile
606,1093737,leader
607,1093737,strategy
608,1093737,management
609,1093737,lead
610,1093737,operations
611,1093737,operational
612,1093735,crypto
613,1093735,financial
614,1093735,fintech
615,1093735,management
616,1093735,senior
617,1093735,android
618,1093735,engineer
619,1093729,director
620,1093729,training
621,1093729,technical
622,1093729,support
623,1093729,growth
624,1093729,leader
625,1093729,management
626,1093729,lead
627,1093729,senior
628,1093729,executive
629,1093725,python
630,1093725,training
631,1093725,software
632,1093725,growth
633,1093725,financial
634,1093725,cloud
635,1093725,engineer
636,1093725,engineering
637,1093725,apache
638,1093722,analyst
639,1093722,technical
640,1093722,growth
641,1093722,financial
642,1093722,investment
643,1093722,fintech
644,1093722,strategy
645,1093722,marketing
646,1093722,analytics
647,1093722,engineering
648,1093722,executive
649,1093713,software
650,1093713,design
651,1093713,c#
652,1093713,docker
653,1093713,technical
654,1093713,support
655,1093713,developer
656,1093713,code
657,1093713,web
658,1093713,fintech
659,1093713,git
660,1093713,api
661,1093713,strategy
662,1093713,senior
663,1093713,engineer
664,1093713,engineering
665,1093713,backend
666,1093713,digital nomad
667,1093712,front end
668,1093712,dev
669,1093708,strategist
670,1093708,support
671,1093708,growth
672,1093708,director
673,1093708,voice
674,1093708,strategy
675,1093708,management
676,1093708,lead
677,1093708,content
678,1093708,senior
679,1093708,operations
680,1093708,marketing
681,1093708,sales
682,1093708,health
683,1093708,recruiting
684,1093708,e-commerce
685,1093707,manager
686,1093707,salesforce
687,1093707,consulting
688,1093707,technical
689,1093707,support
690,1093707,software
691,1093707,growth
692,1093707,financial
693,1093707,investment
694,1093707,leader
695,1093707,management
696,1093707,health
697,1093706,saas
698,1093706,technical
699,1093706,recruiter
700,1093706,support
701,1093706,manager
702,1093706,video
703,1093706,leader
704,1093706,management
705,1093706,senior
706,1093706,sales
707,1093706,health
708,1093706,recruitment
709,1093706,executive
710,1093704,sales
711,1093703,design
712,1093703,cryptocurrency
713,1093703,front-end
714,1093703,back-end
715,1093703,software
716,1093703,growth
717,1093703,code
718,1093703,web
719,1093703,financial
720,1093703,management
721,1093703,senior
722,1093703,junior
723,1093703,engineer
724,1093703,engineering
725,1093703,digital nomad
726,1093701,analyst
727,1093701,crypto
728,1093701,support
729,1093701,growth
730,1093701,web
731,1093701,financial
732,1093701,mobile
733,1093701,operational
734,1093701,analytics
735,1093700,security
736,1093700,developer
737,1093700,cloud
738,1093700,engineering
739,1093700,digital nomad
740,1093699,dev
741,1093698,software
742,1093698,design
743,1093698,technical
744,1093698,recruiter
745,1093698,support
746,1093698,web
747,1093698,finance
748,1093698,financial
749,1093698,fintech
750,1093698,banking
751,1093698,mobile
752,1093698,senior
753,1093698,reliability
754,1093698,health
755,1093698,engineer
756,1093698,engineering
757,1093698,backend
758,1093698,digital nomad
759,1093697,director
760,1093697,design
761,1093697,financial
762,1093697,lead
763,1093697,junior
764,1093697,marketing
765,1093697,digital nomad
766,1093696,manager
767,1093696,design
768,1093696,support
769,1093696,growth
770,1093696,travel
771,1093696,finance
772,1093696,strategy
773,1093696,management
774,1093696,lead
775,1093696,operations
776,1093696,marketing
777,1093696,sales
778,1093696,digital nomad
779,1093694,golang
780,1093694,software
781,1093694,golang
782,1093694,engineer
783,1093694,fullstack
784,1093692,linux
785,1093692,c plus plus
786,1093692,c
787,1093692,databases
788,1093692,algorithms
789,1093692,data structures
790,1093691,marketing
791,1093691,content writing
792,1093691,copywriting
793,1093690,dev
794,1093690,devops
795,1093690,wordpress
796,1093690,php
797,1093690,javascript
798,1093690,full time
799,1093690,ecommerce
800,1093690,api
801,1093690,english
802,1093689,web3
803,1093689,crypto
804,1093689,cryptocurrency
805,1093689,salesforce
806,1093689,support
807,1093689,growth
808,1093689,controller
809,1093689,voice
810,1093689,financial
811,1093689,strategy
812,1093689,lead
813,1093689,content
814,1093689,operations
815,1093689,marketing
816,1093689,legal
817,1093689,sales
818,1093688,analyst
819,1093688,support
820,1093688,strategy
821,1093688,lead
822,1093686,defi
823,1093686,crypto
824,1093686,technical
825,1093686,growth
826,1093686,financial
827,1093686,finance
828,1093686,leader
829,1093686,strategy
830,1093686,lead
831,1093686,operations
832,1093686,legal
833,1093686,educational
834,1093686,executive
835,1093682,software
836,1093682,design
837,1093682,technical
838,1093682,recruiter
839,1093682,support
840,1093682,web
841,1093682,finance
842,1093682,financial
843,1093682,fintech
844,1093682,banking
845,1093682,mobile
846,1093682,senior
847,1093682,reliability
848,1093682,health
849,1093682,engineer
850,1093682,engineering
851,1093682,backend
852,1093682,digital nomad
853,1093681,design
854,1093680,content writing
855,1093680,customer support
856,1093680,writing
857,1093679,crypto
858,1093679,manager
859,1093679,cryptocurrency
860,1093679,support
861,1093679,financial
862,1093679,fintech
863,1093679,content
864,1093679,go
865,1093679,health
866,1093679,non tech
867,1093678,cryptocurrencies
868,1093678,support
869,1093678,software
870,1093678,growth
871,1093678,financial
872,1093678,strategy
873,1093678,management
874,1093678,lead
875,1093678,marketing
876,1093678,analytics
877,1093678,recruitment
878,1093677,other
879,1093677,dev
880,1093677,writer
881,1093677,writing
882,1093677,marketing
883,1093673,manager
884,1093673,assistant
885,1093673,support
886,1093673,growth
887,1093673,travel
888,1093673,financial
889,1093673,management
890,1093673,sales
891,1093673,medical
892,1093673,health
893,1093673,executive
